<?xml version="1.0" encoding="UTF-8"?>
<window>
	<controls>
		<control type="image">
			<left>0</left>
			<top>0</top>
			<width>1920</width>
			<height>1080</height>
			<texture>common/black.png</texture>
		</control>
		<control type="image">
			<description>fanart</description>
			<left>0</left>
			<top>0</top>
			<width>1920</width>
			<height>1080</height>
			<texture background="true">$INFO[Window().Property(infinity.fanart)]</texture>
			<animation effect="fade" start="20" end="20" time="0" tween="sine" easing="in">WindowOpen</animation>
		</control>
		<control type="image">
			<description>clearlogo</description>
			<top>10</top>
			<centerleft>50%</centerleft>
			<width max="480">auto</width>
			<height>130</height>
			<aspectratio>keep</aspectratio>
			<texture background="true">$INFO[Window().Property(infinity.clearlogo)]</texture>
			<visible>!String.IsEmpty(Window().Property(infinity.clearlogo))</visible>
		</control>
		<control type="image">
			<top>0</top>
			<left>360r</left>
			<width>50</width>
			<height>150</height>
			<texture>common/icon.png</texture>
			<aspectratio>keep</aspectratio>
		</control>
		<control type="label">
			<description>Total Sources Label</description>
			<top>0</top>
			<left>300r</left>
			<width max="280">auto</width>
			<height>150</height>
			<font>font12</font>
			<textcolor>white</textcolor>
			<align>left</align>
			<aligny>center</aligny>
			<scroll>false</scroll>
			<label>$INFO[Window().Property(infinity.total_results),[B],[/B]] RESULTS</label>
		</control>
		<control type="label">
			<top>0</top>
			<width>545</width>
			<height>150</height>
			<font>font12</font>
			<textcolor>white</textcolor>
			<align>center</align>
			<aligny>center</aligny>
			<label>RATING $INFO[Window().Property(infinity.rating),[B],[/B]][CR]$INFO[Window().Property(infinity.mpaa)] [COLOR $INFO[Window().Property(infinity.highlight.color)]][B]|[/B][/COLOR] $INFO[Window().Property(infinity.premiered)] [COLOR $INFO[Window().Property(infinity.highlight.color)]][B]|[/B][/COLOR] $INFO[Window().Property(infinity.duration)]min</label>
			<visible>String.IsEmpty(Window().Property(infinity.season))</visible>
		</control>
		<control type="label">
			<top>0</top>
			<width>545</width>
			<height>150</height>
			<font>font12</font>
			<textcolor>white</textcolor>
			<align>center</align>
			<aligny>center</aligny>
			<label>SEASON $INFO[Window().Property(infinity.season),[B],[/B]] [COLOR $INFO[Window().Property(infinity.highlight.color)]][B]|[/B][/COLOR] EPISODE $INFO[Window().Property(infinity.episode),[B],[/B]][CR]$INFO[Window().Property(infinity.mpaa)] [COLOR $INFO[Window().Property(infinity.highlight.color)]][B]|[/B][/COLOR] $INFO[Window().Property(infinity.year)] [COLOR $INFO[Window().Property(infinity.highlight.color)]][B]|[/B][/COLOR] $INFO[Window().Property(infinity.duration)]min</label>
			<visible>!String.IsEmpty(Window().Property(infinity.season))</visible>
		</control>
		<control type="group">
			<top>150</top>
			<left>25</left>
			<width>495</width>
			<height>800</height>
			<control type="image">
				<top>0</top>
				<height>470</height>
				<aspectratio>keep</aspectratio>
				<texture background="true">$INFO[Window().Property(infinity.poster)]</texture>
				<bordertexture border="-2" infill="false" colordiffuse="$INFO[Window().Property(infinity.highlight.color)]">common/white.png</bordertexture>
				<visible>!String.IsEqual(Window().Property(infinity.wide_list),true)</visible>
			</control>
			<control type="textbox">
				<top>490</top>
				<width>495</width>
				<font>font13</font>
				<textcolor>white</textcolor>
				<align>justify</align>
				<label>$INFO[Window().Property(infinity.plot)]</label>
				<autoscroll delay="5000" time="1000" repeat="10000">true</autoscroll>
				<visible>!String.IsEqual(Window().Property(infinity.wide_list),true)</visible>
			</control>
		</control>
		<control type="group" id="1">
			<visible>!String.IsEqual(Window().Property(infinity.wide_list),true)</visible>
			<description>List Header</description>
			<left>545</left>
			<width min="0" max="1350">auto</width>
			<control type="fixedlist" id="2000">
				<description>Source Select List</description>
				<viewtype>list</viewtype>
				<focusposition>3</focusposition>
				<movement>4</movement>
				<onleft>2050</onleft>
				<left>0</left>
				<top>150</top>
				<width>1350</width>
				<height>800</height>
				<scrolltime tween="sine">400</scrolltime>
				<orientation>Vertical</orientation>
				<itemlayout height="100" width="1325">
					<control type="image">
						<left>0</left>
						<top>5</top>
						<width>1350</width>
						<height>90</height>
						<texture flipx="true" colordiffuse="80FFFFFF">common/gradient-diffuse-horizontal.png</texture>
					</control>
					<control type="image">
						<description>Quality Icon</description>
						<left>0</left>
						<top>5</top>
						<width>100</width>
						<height>90</height>
						<align>left</align>
						<aligny>center</aligny>
						<aspectratio>keep</aspectratio>
						<texture>$INFO[ListItem.Property(infinity.quality_icon)]</texture>
						<visible>!String.IsEqual(Window().Property(infinity.usecoloricons),true)</visible>
					</control>
					<control type="image">
						<description>Quality Icon Color</description>
						<left>0</left>
						<top>5</top>
						<width>100</width>
						<height>90</height>
						<align>left</align>
						<aligny>center</aligny>
						<aspectratio>keep</aspectratio>
						<texture colordiffuse="$INFO[ListItem.Property(infinity.providerhighlight)]">$INFO[ListItem.Property(infinity.quality_icon)]</texture>
						<visible>String.IsEqual(Window().Property(infinity.usecoloricons),true)</visible>
					</control>
					<control type="group">
						<left>180</left>
						<top>50</top>
						<width>1170</width>
						<height>25</height>
						<control type="label">
							<description>Line1 link name</description>
							<left>-70</left>
							<top>-35</top>
							<width>1240</width>
							<font>font13</font>
							<textcolor>white</textcolor>
							<align>left</align>
							<aligny>bottom</aligny>
							<label>[COLOR $INFO[ListItem.Property(infinity.providerhighlight)]][B]$INFO[ListItem.Property(infinity.count)]  $INFO[ListItem.Property(infinity.name)][/B][/COLOR]</label>
							<visible>!String.Contains(ListItem.Property(infinity.source),UNCACHED)</visible>
						</control>
						<control type="label">
							<description>Line1 link name-UNCACHED TORRENTS</description>
							<left>-70</left>
							<top>-35</top>
							<width>1240</width>
							<font>font13</font>
							<textcolor>white</textcolor>
							<align>left</align>
							<aligny>bottom</aligny>
							<label>[B]$INFO[ListItem.Property(infinity.count)]  $INFO[ListItem.Property(infinity.name)][/B]</label>
							<visible>String.Contains(ListItem.Property(infinity.source),UNCACHED)</visible>
						</control>
						<control type="label">
							<description>Line2 link name LOAD UNCACHED TORRENTS</description>
							<font>font12</font>
							<textcolor>white</textcolor>
							<align>left</align>
							<aligny>top</aligny>
							<label>$INFO[ListItem.Property(infinity.size_label)] UNCACHED TORRENTS</label>
							<visible>String.IsEqual(ListItem.Property(infinity.source),LOAD UNCACHED TORRENTS)</visible>
						</control>
						<control type="label">
							<description>Line2 cloud file</description>
							<font>font12</font>
							<textcolor>white</textcolor>
							<align>left</align>
							<aligny>top</aligny>
							<label>$INFO[ListItem.Property(infinity.size_label)]   [COLOR $INFO[ListItem.Property(infinity.providerhighlight)]]|[/COLOR]   $INFO[ListItem.Property(infinity.debrid)]   [COLOR $INFO[ListItem.Property(infinity.providerhighlight)]]|[/COLOR]   $INFO[ListItem.Property(infinity.source)]</label>
							<visible>String.IsEqual(ListItem.Property(infinity.source),CLOUD)</visible>
						</control>
						<control type="label">
							<description>Line2 cached torrents</description>
							<font>font12</font>
							<textcolor>white</textcolor>
							<align>left</align>
							<aligny>top</aligny>
							<label>$INFO[ListItem.Property(infinity.size_label)]   [COLOR $INFO[ListItem.Property(infinity.providerhighlight)]]|[/COLOR]   $INFO[ListItem.Property(infinity.debrid)]   [COLOR $INFO[ListItem.Property(infinity.providerhighlight)]]|[/COLOR]   $INFO[ListItem.Property(infinity.provider)]   [COLOR $INFO[ListItem.Property(infinity.providerhighlight)]]|[/COLOR]   $INFO[ListItem.Property(infinity.source)]   [COLOR $INFO[ListItem.Property(infinity.providerhighlight)]]|[/COLOR]   $INFO[ListItem.Property(infinity.extra_info)]</label>
							<visible>!String.Contains(ListItem.Property(infinity.source),DIRECT) + !String.Contains(ListItem.Property(infinity.source),LOCAL) + !String.Contains(ListItem.Property(infinity.source),UNCACHED) + !String.Contains(ListItem.Property(infinity.source),CLOUD)</visible>
						</control>
						<control type="label">
							<description>Line2 uncached torrents</description>
							<font>font12</font>
							<textcolor>white</textcolor>
							<align>left</align>
							<aligny>top</aligny>
							<label>$INFO[ListItem.Property(infinity.size_label)]   [COLOR $INFO[ListItem.Property(infinity.providerhighlight)]]|[/COLOR]   $INFO[ListItem.Property(infinity.debrid)]   [COLOR $INFO[ListItem.Property(infinity.providerhighlight)]]|[/COLOR]   $INFO[ListItem.Property(infinity.provider)]   [COLOR $INFO[ListItem.Property(infinity.providerhighlight)]]|[/COLOR]   $INFO[ListItem.Property(infinity.source)]   [COLOR $INFO[ListItem.Property(infinity.providerhighlight)]]|[/COLOR]   SEEDERS: $INFO[ListItem.Property(infinity.seeders)]</label>
							<visible>!String.IsEqual(ListItem.Property(infinity.source),LOAD UNCACHED TORRENTS) + String.Contains(ListItem.Property(infinity.source),UNCACHED)</visible>
						</control>
						<control type="label">
							<description>Line2 direct or local links, exluding plexshare</description>
							<font>font12</font>
							<textcolor>white</textcolor>
							<align>left</align>
							<aligny>top</aligny>
							<label>$INFO[ListItem.Property(infinity.size_label)]   [COLOR $INFO[ListItem.Property(infinity.providerhighlight)]]|[/COLOR]   $INFO[ListItem.Property(infinity.source)]   [COLOR $INFO[ListItem.Property(infinity.providerhighlight)]]|[/COLOR]   $INFO[ListItem.Property(infinity.provider)]</label>
							<visible>!String.Contains(ListItem.Property(infinity.provider),PLEXSHARE) + [String.Contains(ListItem.Property(infinity.source),DIRECT) | String.Contains(ListItem.Property(infinity.source),LOCAL)]</visible>
						</control>
						<control type="label">
							<description>Line2 plexshare links</description>
							<font>font12</font>
							<textcolor>white</textcolor>
							<align>left</align>
							<aligny>top</aligny>
							<label>$INFO[ListItem.Property(infinity.size_label)]   [COLOR $INFO[ListItem.Property(infinity.providerhighlight)]]|[/COLOR]   $INFO[ListItem.Property(infinity.source)]   [COLOR $INFO[ListItem.Property(infinity.providerhighlight)]]|[/COLOR]   $INFO[ListItem.Property(infinity.provider)]   [COLOR $INFO[ListItem.Property(infinity.providerhighlight)]]|[/COLOR]   $INFO[ListItem.Property(infinity.plexsource)]</label>
							<visible>String.Contains(ListItem.Property(infinity.provider),PLEXSHARE) + [String.Contains(ListItem.Property(infinity.source),DIRECT) | String.Contains(ListItem.Property(infinity.source),LOCAL)]</visible>
						</control>
						<control type="label">
							<description>Line2 hosters</description>
							<font>font12</font>
							<textcolor>white</textcolor>
							<align>left</align>
							<aligny>top</aligny>
							<label>$INFO[ListItem.Property(infinity.size_label)]   [COLOR $INFO[ListItem.Property(infinity.providerhighlight)]]|[/COLOR]   $INFO[ListItem.Property(infinity.debrid)]   [COLOR $INFO[ListItem.Property(infinity.providerhighlight)]]|[/COLOR]   $INFO[ListItem.Property(infinity.provider)]   [COLOR $INFO[ListItem.Property(infinity.providerhighlight)]]|[/COLOR]   $INFO[ListItem.Property(infinity.source)]   [COLOR $INFO[ListItem.Property(infinity.providerhighlight)]]|[/COLOR]   HOSTER</label>
							<visible>!String.Contains(ListItem.Property(infinity.source),UNCHECKED) + !String.Contains(ListItem.Property(infinity.source),DIRECT) + !String.Contains(ListItem.Property(infinity.source),LOCAL) + !String.Contains(ListItem.Property(infinity.source),TORRENT) + !String.IsEqual(ListItem.Property(infinity.source),CLOUD)</visible>
						</control>
					</control>
				</itemlayout>
				<focusedlayout height="100" width="1325">
					<control type="image">
						<left>0</left>
						<top>0</top>
						<width>1350</width>
						<height>100</height>
						<texture colordiffuse="$INFO[ListItem.Property(infinity.providerhighlight)]">common/white.png</texture>
						<animation effect="fadediffuse" start="E6FFFFFF" end="E6FFFFFF" condition="Control.HasFocus(2000)">Conditional</animation>
						<animation effect="fadediffuse" start="E6FFFFFF" end="80FFFFFF" condition="!Control.HasFocus(2000)">Conditional</animation>
					</control>
					<control type="image">
						<description>Quality Icon</description>
						<left>0</left>
						<top>0</top>
						<width>100</width>
						<height>100</height>
						<align>left</align>
						<aspectratio>keep</aspectratio>
						<texture>$INFO[ListItem.Property(infinity.quality_icon)]</texture>
						<visible>!String.IsEqual(Window().Property(infinity.usecoloricons),true)</visible>
					</control>
					<control type="image">
						<description>Quality Icon Color</description>
						<left>0</left>
						<top>0</top>
						<width>100</width>
						<height>100</height>
						<align>left</align>
						<aligny>center</aligny>
						<aspectratio>keep</aspectratio>
						<texture colordiffuse="black">$INFO[ListItem.Property(infinity.quality_icon)]</texture>
						<visible>String.IsEqual(Window().Property(infinity.usecoloricons),true)</visible>
					</control>
					<control type="group">
						<left>180</left>
						<top>50</top>
						<width>1170</width>
						<height>25</height>
						<control type="label">
							<description>Line1 link name</description>
							<left>-70</left>
							<top>-35</top>
							<width>1240</width>
							<height>25</height>
							<font>font13</font>
							<textcolor>black</textcolor>
							<align>left</align>
							<aligny>bottom</aligny>
							<label>[B]$INFO[ListItem.Property(infinity.count)]  $INFO[ListItem.Property(infinity.name)][/B]</label>
							<scroll>true</scroll>
						</control>
						<control type="label">
							<description>Line2 link name LOAD UNCACHED TORRENTS</description>
							<font>font12</font>
							<textcolor>black</textcolor>
							<align>left</align>
							<aligny>top</aligny>
							<label>[B]$INFO[ListItem.Property(infinity.size_label)] UNCACHED TORRENTS[/B]</label>
							<visible>String.IsEqual(ListItem.Property(infinity.source),LOAD UNCACHED TORRENTS)</visible>
						</control>
						<control type="label">
							<description>Line2 cloud file</description>
							<font>font12</font>
							<textcolor>black</textcolor>
							<align>left</align>
							<aligny>top</aligny>
							<label>[B]$INFO[ListItem.Property(infinity.size_label)]   [COLOR black]|[/COLOR]   $INFO[ListItem.Property(infinity.debrid)]   [COLOR black]|[/COLOR]   $INFO[ListItem.Property(infinity.source)][/B]</label>
							<visible>String.IsEqual(ListItem.Property(infinity.source),CLOUD)</visible>
						</control>
						<control type="label">
							<description>Line2 cached torrents</description>
							<font>font12</font>
							<textcolor>black</textcolor>
							<align>left</align>
							<aligny>top</aligny>
							<label>[B]$INFO[ListItem.Property(infinity.size_label)]   [COLOR black]|[/COLOR]   $INFO[ListItem.Property(infinity.debrid)]   [COLOR black]|[/COLOR]   $INFO[ListItem.Property(infinity.provider)]   [COLOR black]|[/COLOR]   $INFO[ListItem.Property(infinity.source)]   [COLOR black]|[/COLOR]   $INFO[ListItem.Property(infinity.extra_info)][/B]</label>
							<visible>!String.Contains(ListItem.Property(infinity.source),DIRECT) + !String.Contains(ListItem.Property(infinity.source),LOCAL) + !String.Contains(ListItem.Property(infinity.source),UNCACHED) + !String.Contains(ListItem.Property(infinity.source),CLOUD)</visible>
						</control>
						<control type="label">
							<description>Line2 uncached torrents</description>
							<font>font12</font>
							<textcolor>black</textcolor>
							<align>left</align>
							<aligny>top</aligny>
							<label>[B]$INFO[ListItem.Property(infinity.size_label)]   [COLOR black]|[/COLOR]   $INFO[ListItem.Property(infinity.debrid)]   [COLOR black]|[/COLOR]   $INFO[ListItem.Property(infinity.provider)]   [COLOR black]|[/COLOR]   $INFO[ListItem.Property(infinity.source)]   [COLOR black]|[/COLOR]   SEEDERS: $INFO[ListItem.Property(infinity.seeders)][/B]</label>
							<visible>!String.IsEqual(ListItem.Property(infinity.source),LOAD UNCACHED TORRENTS) + String.Contains(ListItem.Property(infinity.source),UNCACHED)</visible>
						</control>
						<control type="label">
							<description>Line2 direct or local links, exluding plexshare</description>
							<font>font12</font>
							<textcolor>black</textcolor>
							<align>left</align>
							<aligny>top</aligny>
							<label>[B]$INFO[ListItem.Property(infinity.size_label)]   [COLOR black]|[/COLOR]   $INFO[ListItem.Property(infinity.source)]   [COLOR black]|[/COLOR]   $INFO[ListItem.Property(infinity.provider)][/B]</label>
							<visible>!String.Contains(ListItem.Property(infinity.provider),PLEXSHARE) + [String.Contains(ListItem.Property(infinity.source),DIRECT) | String.Contains(ListItem.Property(infinity.source),LOCAL)]</visible>
						</control>
						<control type="label">
							<description>Line2 plexshare links</description>
							<font>font12</font>
							<textcolor>black</textcolor>
							<align>left</align>
							<aligny>top</aligny>
							<label>[B]$INFO[ListItem.Property(infinity.size_label)]   [COLOR black]|[/COLOR]   $INFO[ListItem.Property(infinity.source)]   [COLOR black]|[/COLOR]   $INFO[ListItem.Property(infinity.provider)]    [COLOR black]|[/COLOR]   $INFO[ListItem.Property(infinity.plexsource)][/B]</label>
							<visible>String.Contains(ListItem.Property(infinity.provider),PLEXSHARE) + [String.Contains(ListItem.Property(infinity.source),DIRECT) | String.Contains(ListItem.Property(infinity.source),LOCAL)]</visible>
						</control>
						<control type="label">
							<description>Line2 hosters</description>
							<font>font12</font>
							<textcolor>black</textcolor>
							<align>left</align>
							<aligny>top</aligny>
							<label>[B]$INFO[ListItem.Property(infinity.size_label)]   [COLOR black]|[/COLOR]   $INFO[ListItem.Property(infinity.debrid)]   [COLOR black]|[/COLOR]   $INFO[ListItem.Property(infinity.provider)]   [COLOR black]|[/COLOR]   $INFO[ListItem.Property(infinity.source)]   [COLOR black]|[/COLOR]   HOSTER[/B]</label>
							<visible>!String.Contains(ListItem.Property(infinity.source),UNCHECKED) + !String.Contains(ListItem.Property(infinity.source),DIRECT) + !String.Contains(ListItem.Property(infinity.source),LOCAL) + !String.Contains(ListItem.Property(infinity.source),TORRENT) + !String.IsEqual(ListItem.Property(infinity.source),CLOUD)</visible>
						</control>
					</control>
				</focusedlayout>
			</control>
			<control type="button" id="2050">
				<description>Uncached Torrents</description>
				<onright>2000</onright>
				<top>975</top>
				<left>0</left>
				<width>165</width>
				<height>80</height>
				<font>font10</font>
				<textcolor>$INFO[Window().Property(infinity.highlight.color)]</textcolor>
				<focusedcolor>black</focusedcolor>
				<align>center</align>
				<label>[B]UNCACHED[/B]</label>
				<texturefocus colordiffuse="$INFO[Window().Property(infinity.highlight.color)]">common/button.png</texturefocus>
				<texturenofocus colordiffuse="40FFFFFF">common/button.png</texturenofocus>
				<visible>!String.IsEqual(Window().Property(infinity.wide_list),true) + String.IsEqual(Window().Property(infinity.uncached_results),true)</visible>
				<animation effect="fadediffuse" start="BFFFFFFF" end="BFFFFFFF" condition="Control.HasFocus(2050)">Conditional</animation>
			</control>
			<control type="grouplist" id="2002">
				<description>Info icons</description>
				<left>180</left>
				<top>965</top>
				<width>1170</width>
				<height>100</height>
				<itemgap>25</itemgap>
				<orientation>horizontal</orientation>
				<control type="image">
					<description>Dolby Vision Icon</description>
					<left>0</left>
					<top>0</top>
					<width>100</width>
					<align>left</align>
					<aligny>center</aligny>
					<aspectratio>keep</aspectratio>
					<texture>source/dv.png</texture>
					<visible>String.Contains(Container(2000).ListItem.Property(infinity.extra_info),DOLBY-VISION)</visible>
				</control>
				<control type="image">
					<description>HDR Icon</description>
					<left>0</left>
					<top>0</top>
					<width>100</width>
					<align>left</align>
					<aligny>center</aligny>
					<aspectratio>keep</aspectratio>
					<texture>source/hdr.png</texture>
					<visible>String.Contains(Container(2000).ListItem.Property(infinity.extra_info),HDR) + !String.Contains(Container(2000).ListItem.Property(infinity.extra_info),HDRIP)</visible>
				</control>
				<control type="image">
					<description>3D Icon</description>
					<left>0</left>
					<top>0</top>
					<width>100</width>
					<align>left</align>
					<aligny>center</aligny>
					<aspectratio>keep</aspectratio>
					<texture>source/3d.png</texture>
					<visible>String.Contains(Container(2000).ListItem.Property(infinity.extra_info),3D)</visible>
				</control>
				<control type="image">
					<description>AV1 Icon</description>
					<left>0</left>
					<top>0</top>
					<width>100</width>
					<align>left</align>
					<aligny>center</aligny>
					<aspectratio>keep</aspectratio>
					<texture>source/av1.png</texture>
					<visible>String.Contains(Container(2000).ListItem.Property(infinity.extra_info),AV1)</visible>
				</control>
				<control type="image">
					<description>HEVC/H.265 Icon</description>
					<left>0</left>
					<top>0</top>
					<width>100</width>
					<align>left</align>
					<aligny>center</aligny>
					<aspectratio>keep</aspectratio>
					<texture>source/hevc.png</texture>
					<!-- <visible>String.Contains(Container(2000).ListItem.Property(infinity.extra_info),HEVC) | [String.Contains(Container(2000).ListItem.Property(infinity.extra_info),DOLBY-VISION) | String.Contains(Container(2000).ListItem.Property(infinity.extra_info),HDR)] + !String.Contains(Container(2000).ListItem.Property(infinity.extra_info),HDRIP) + !String.Contains(Container(2000).ListItem.Property(infinity.extra_info),AVC)</visible> -->
					<visible>String.Contains(Container(2000).ListItem.Property(infinity.extra_info),HEVC)</visible>
				</control>
				<control type="image">
					<description>AVC/H.264 Icon</description>
					<left>0</left>
					<top>0</top>
					<width>100</width>
					<align>left</align>
					<aligny>center</aligny>
					<aspectratio>keep</aspectratio>
					<texture>source/h264.png</texture>
					<visible>String.Contains(Container(2000).ListItem.Property(infinity.extra_info),AVC)</visible>
				</control>
				<control type="image">
					<description>MPEG Icon</description>
					<left>0</left>
					<top>0</top>
					<width>100</width>
					<align>left</align>
					<aligny>center</aligny>
					<aspectratio>keep</aspectratio>
					<texture>source/mpeg_video.png</texture>
					<visible>String.Contains(Container(2000).ListItem.Property(infinity.extra_info),MPEG)</visible>
				</control>
				<control type="image">
					<description>WMV Icon</description>
					<left>0</left>
					<top>0</top>
					<width>100</width>
					<align>left</align>
					<aligny>center</aligny>
					<aspectratio>keep</aspectratio>
					<texture>source/wmv2.png</texture>
					<visible>String.Contains(Container(2000).ListItem.Property(infinity.extra_info),WMV)</visible>
				</control>
				<control type="image">
					<description>AVI Icon</description>
					<left>0</left>
					<top>0</top>
					<width>100</width>
					<align>left</align>
					<aligny>center</aligny>
					<aspectratio>keep</aspectratio>
					<texture>source/avi.png</texture>
					<visible>String.Contains(Container(2000).ListItem.Property(infinity.extra_info),AVI)</visible>
				</control>
				<control type="image">
					<description>MKV Icon</description>
					<left>0</left>
					<top>0</top>
					<width>100</width>
					<align>left</align>
					<aligny>center</aligny>
					<aspectratio>keep</aspectratio>
					<texture>source/mkv2.png</texture>
					<visible>String.Contains(Container(2000).ListItem.Property(infinity.extra_info),MKV)</visible>
				</control>
				<control type="image">
					<description>DIVX Icon</description>
					<left>0</left>
					<top>0</top>
					<width>100</width>
					<align>left</align>
					<aligny>center</aligny>
					<aspectratio>keep</aspectratio>
					<texture>source/divx.png</texture>
					<visible>String.Contains(Container(2000).ListItem.Property(infinity.extra_info),DIVX)</visible>
				</control>
				<control type="image">
					<description>XVID Icon</description>
					<left>0</left>
					<top>0</top>
					<width>100</width>
					<align>left</align>
					<aligny>center</aligny>
					<aspectratio>keep</aspectratio>
					<texture>source/xvid.png</texture>
					<visible>String.Contains(Container(2000).ListItem.Property(infinity.extra_info),XVID)</visible>
				</control>
				<control type="image">
					<description>BLURAY Icon</description>
					<left>0</left>
					<top>0</top>
					<width>100</width>
					<align>left</align>
					<aligny>center</aligny>
					<aspectratio>keep</aspectratio>
					<texture>source/bluray.png</texture>
					<visible>String.Contains(Container(2000).ListItem.Property(infinity.extra_info),BLURAY)</visible>
				</control>
				<control type="image">
					<description>M2TS Icon</description>
					<left>0</left>
					<top>0</top>
					<width>100</width>
					<align>left</align>
					<aligny>center</aligny>
					<aspectratio>keep</aspectratio>
					<texture>source/m2ts.png</texture>
					<visible>String.Contains(Container(2000).ListItem.Property(infinity.extra_info),M2TS)</visible>
				</control>
				<control type="image">
					<description>HDTV Icon</description>
					<left>0</left>
					<top>0</top>
					<width>100</width>
					<align>left</align>
					<aligny>center</aligny>
					<aspectratio>keep</aspectratio>
					<texture>source/hdtv.png</texture>
					<visible>String.Contains(Container(2000).ListItem.Property(infinity.extra_info),HDTV)</visible>
				</control>
				<control type="image">
					<description>WEB-DL Icon</description>
					<left>0</left>
					<top>0</top>
					<width>100</width>
					<align>left</align>
					<aligny>center</aligny>
					<aspectratio>keep</aspectratio>
					<texture>source/web-dl.png</texture>
					<visible>String.Contains(Container(2000).ListItem.Property(infinity.extra_info),WEB)</visible>
				</control>
				<control type="image">
					<description>DVD Icon</description>
					<left>0</left>
					<top>0</top>
					<width>100</width>
					<align>left</align>
					<aligny>center</aligny>
					<aspectratio>keep</aspectratio>
					<texture>source/dvd.png</texture>
					<visible>String.Contains(Container(2000).ListItem.Property(infinity.extra_info),DVDRIP)</visible>
				</control>
				<control type="image">
					<description>OPUS Icon</description>
					<left>0</left>
					<top>0</top>
					<width>100</width>
					<align>left</align>
					<aligny>center</aligny>
					<aspectratio>keep</aspectratio>
					<texture>audio/opus.png</texture>
					<visible>String.Contains(Container(2000).ListItem.Property(infinity.extra_info),OPUS)</visible>
				</control>
				<control type="image">
					<description>DOLBY-ATMOS Icon</description>
					<left>0</left>
					<top>0</top>
					<width>100</width>
					<align>left</align>
					<aligny>center</aligny>
					<aspectratio>keep</aspectratio>
					<texture>audio/atmos.png</texture>
					<visible>String.Contains(Container(2000).ListItem.Property(infinity.extra_info),ATMOS)</visible>
				</control>
				<control type="image">
					<description>DOLBY-TRUEHD Icon</description>
					<left>0</left>
					<top>0</top>
					<width>100</width>
					<align>left</align>
					<aligny>center</aligny>
					<aspectratio>keep</aspectratio>
					<texture>audio/dolbytruehd.png</texture>
					<visible>String.Contains(Container(2000).ListItem.Property(infinity.extra_info),DOLBY-TRUEHD)</visible>
				</control>
				<control type="image">
					<description>DOLBY-DIGITAL Icon</description>
					<left>0</left>
					<top>0</top>
					<width>100</width>
					<align>left</align>
					<aligny>center</aligny>
					<aspectratio>keep</aspectratio>
					<texture>audio/dolbydigital.png</texture>
					<visible>String.Contains(Container(2000).ListItem.Property(infinity.extra_info),DOLBYDIGITAL)</visible>
				</control>
				<control type="image">
					<description>DOLBY-DIGITAL PLUS/EAC3 Icon</description>
					<left>0</left>
					<top>0</top>
					<width>100</width>
					<align>left</align>
					<aligny>center</aligny>
					<aspectratio>keep</aspectratio>
					<texture>audio/eac3.png</texture>
					<visible>String.Contains(Container(2000).ListItem.Property(infinity.extra_info),DD) + !String.Contains(Container(2000).ListItem.Property(infinity.extra_info),DD-EX)</visible>
				</control>
				<control type="image">
					<description>DOLBY-DIGITAL EX Icon</description>
					<left>0</left>
					<top>0</top>
					<width>100</width>
					<align>left</align>
					<aligny>center</aligny>
					<aspectratio>keep</aspectratio>
					<texture>audio/dolbydigital_ex.jpg</texture>
					<visible>String.Contains(Container(2000).ListItem.Property(infinity.extra_info),DD-EX)</visible>
				</control>
				<control type="image">
					<description>DTS-HD MA Icon</description>
					<left>0</left>
					<top>0</top>
					<width>100</width>
					<align>left</align>
					<aligny>center</aligny>
					<aspectratio>keep</aspectratio>
					<texture>audio/dtshd_ma.png</texture>
					<visible>String.Contains(Container(2000).ListItem.Property(infinity.extra_info),DTS-HD MA)</visible>
				</control>
				<control type="image">
					<description>DTS-X Icon</description>
					<left>0</left>
					<top>0</top>
					<width>100</width>
					<align>left</align>
					<aligny>center</aligny>
					<aspectratio>keep</aspectratio>
					<texture>audio/dts_x.png</texture>
					<visible>String.Contains(Container(2000).ListItem.Property(infinity.extra_info),DTS-X)</visible>
				</control>
				<control type="image">
					<description>DTS Icon</description>
					<left>0</left>
					<top>0</top>
					<width>100</width>
					<align>left</align>
					<aligny>center</aligny>
					<aspectratio>keep</aspectratio>
					<texture>audio/dts2.png</texture>
					<visible>String.Contains(Container(2000).ListItem.Property(infinity.extra_info),DTS) + !String.Contains(Container(2000).ListItem.Property(infinity.extra_info),DTS-X) + !String.Contains(Container(2000).ListItem.Property(infinity.extra_info),DTS-HD MA)</visible>
				</control>
				<control type="image">
					<description>AAC Icon</description>
					<left>0</left>
					<top>0</top>
					<width>100</width>
					<align>left</align>
					<aligny>center</aligny>
					<aspectratio>keep</aspectratio>
					<texture>audio/aac.png</texture>
					<visible>String.Contains(Container(2000).ListItem.Property(infinity.extra_info),AAC)</visible>
				</control>
				<control type="image">
					<description>MP3 Icon</description>
					<left>0</left>
					<top>0</top>
					<width>100</width>
					<align>left</align>
					<aligny>center</aligny>
					<aspectratio>keep</aspectratio>
					<texture>audio/mp3.png</texture>
					<visible>String.Contains(Container(2000).ListItem.Property(infinity.extra_info),MP3)</visible>
				</control>
				<control type="image">
					<description>FLAC Icon</description>
					<left>0</left>
					<top>0</top>
					<width>100</width>
					<align>left</align>
					<aligny>center</aligny>
					<aspectratio>keep</aspectratio>
					<texture>audio/flac.png</texture>
					<visible>String.Contains(Container(2000).ListItem.Property(infinity.extra_info),FLAC)</visible>
				</control>
				<control type="image">
					<description>MULTI-LANG Icon</description>
					<left>0</left>
					<top>0</top>
					<width>100</width>
					<align>left</align>
					<aligny>center</aligny>
					<aspectratio>keep</aspectratio>
					<texture>audio/multi_lingual.png</texture>
					<visible>String.Contains(Container(2000).ListItem.Property(infinity.extra_info),MULTI-LANG)</visible>
				</control>
				<control type="image">
					<description>2CH Icon</description>
					<left>0</left>
					<top>0</top>
					<width>100</width>
					<align>left</align>
					<aligny>center</aligny>
					<aspectratio>keep</aspectratio>
					<texture>channels/2.png</texture>
					<visible>String.Contains(Container(2000).ListItem.Property(infinity.extra_info),2CH)</visible>
				</control>
				<control type="image">
					<description>6CH Icon</description>
					<left>0</left>
					<top>0</top>
					<width>100</width>
					<align>left</align>
					<aligny>center</aligny>
					<aspectratio>keep</aspectratio>
					<texture>channels/6.png</texture>
					<visible>String.Contains(Container(2000).ListItem.Property(infinity.extra_info),6CH)</visible>
				</control>
				<control type="image">
					<description>7CH Icon</description>
					<left>0</left>
					<top>0</top>
					<width>100</width>
					<align>left</align>
					<aligny>center</aligny>
					<aspectratio>keep</aspectratio>
					<texture>channels/7.png</texture>
					<visible>String.Contains(Container(2000).ListItem.Property(infinity.extra_info),7CH)</visible>
				</control>
				<control type="image">
					<description>8CH Icon</description>
					<left>0</left>
					<top>0</top>
					<width>100</width>
					<align>left</align>
					<aligny>center</aligny>
					<aspectratio>keep</aspectratio>
					<texture>channels/8.png</texture>
					<visible>String.Contains(Container(2000).ListItem.Property(infinity.extra_info),8CH)</visible>
				</control>
			</control>
		</control>
		<control type="group" id="2">
			<visible>String.IsEqual(Window().Property(infinity.wide_list),true)</visible>
			<description>List Header</description>
			<centerleft>50%</centerleft>
			<width min="0" max="1520">auto</width>
			<control type="fixedlist" id="2001">
				<description>Source Select List</description>
				<viewtype>list</viewtype>
				<focusposition>3</focusposition>
				<movement>4</movement>
				<onleft>2051</onleft>
				<left>0</left>
				<top>150</top>
				<width>1520</width>
				<height>800</height>
				<scrolltime tween="sine">400</scrolltime>
				<orientation>Vertical</orientation>
				<itemlayout height="100" width="1495">
					<control type="image">
						<left>0</left>
						<top>5</top>
						<width>1520</width>
						<height>90</height>
						<texture flipx="true" colordiffuse="80FFFFFF">common/gradient-diffuse-horizontal.png</texture>
					</control>
					<control type="image">
						<description>Quality Icon</description>
						<left>0</left>
						<top>5</top>
						<width>100</width>
						<height>90</height>
						<align>left</align>
						<aligny>center</aligny>
						<aspectratio>keep</aspectratio>
						<texture>$INFO[ListItem.Property(infinity.quality_icon)]</texture>
						<visible>!String.IsEqual(Window().Property(infinity.usecoloricons),true)</visible>
					</control>
					<control type="image">
						<description>Quality Icon Color</description>
						<left>0</left>
						<top>5</top>
						<width>100</width>
						<height>90</height>
						<align>left</align>
						<aligny>center</aligny>
						<aspectratio>keep</aspectratio>
						<texture colordiffuse="$INFO[ListItem.Property(infinity.providerhighlight)]">$INFO[ListItem.Property(infinity.quality_icon)]</texture>
						<visible>String.IsEqual(Window().Property(infinity.usecoloricons),true)</visible>
					</control>
					<control type="group">
						<left>180</left>
						<top>50</top>
						<width>1340</width>
						<height>25</height>
						<control type="label">
							<description>Line1 link name</description>
							<left>-70</left>
							<top>-35</top>
							<width>1410</width>
							<font>font13</font>
							<textcolor>white</textcolor>
							<align>left</align>
							<aligny>bottom</aligny>
							<label>[COLOR $INFO[ListItem.Property(infinity.providerhighlight)]][B]$INFO[ListItem.Property(infinity.count)]  $INFO[ListItem.Property(infinity.name)][/B][/COLOR]</label>
							<visible>!String.Contains(ListItem.Property(infinity.source),UNCACHED)</visible>
						</control>
						<control type="label">
							<description>Line1 link name-UNCACHED TORRENTS</description>
							<left>-70</left>
							<top>-35</top>
							<width>1410</width>
							<font>font13</font>
							<textcolor>white</textcolor>
							<align>left</align>
							<aligny>bottom</aligny>
							<label>[B]$INFO[ListItem.Property(infinity.count)]  $INFO[ListItem.Property(infinity.name)][/B]</label>
							<visible>String.Contains(ListItem.Property(infinity.source),UNCACHED)</visible>
						</control>
						<control type="label">
							<description>Line2 link name LOAD UNCACHED TORRENTS</description>
							<font>font12</font>
							<textcolor>white</textcolor>
							<align>left</align>
							<aligny>top</aligny>
							<label>$INFO[ListItem.Property(infinity.size_label)] UNCACHED TORRENTS</label>
							<visible>String.IsEqual(ListItem.Property(infinity.source),LOAD UNCACHED TORRENTS)</visible>
						</control>
						<control type="label">
							<description>Line2 cloud file</description>
							<font>font12</font>
							<textcolor>white</textcolor>
							<align>left</align>
							<aligny>top</aligny>
							<label>$INFO[ListItem.Property(infinity.size_label)]   [COLOR $INFO[ListItem.Property(infinity.providerhighlight)]]|[/COLOR]   $INFO[ListItem.Property(infinity.debrid)]   [COLOR $INFO[ListItem.Property(infinity.providerhighlight)]]|[/COLOR]   $INFO[ListItem.Property(infinity.source)]</label>
							<visible>String.IsEqual(ListItem.Property(infinity.source),CLOUD)</visible>
						</control>
						<control type="label">
							<description>Line2 cached torrents</description>
							<font>font12</font>
							<textcolor>white</textcolor>
							<align>left</align>
							<aligny>top</aligny>
							<label>$INFO[ListItem.Property(infinity.size_label)]   [COLOR $INFO[ListItem.Property(infinity.providerhighlight)]]|[/COLOR]   $INFO[ListItem.Property(infinity.debrid)]   [COLOR $INFO[ListItem.Property(infinity.providerhighlight)]]|[/COLOR]   $INFO[ListItem.Property(infinity.provider)]   [COLOR $INFO[ListItem.Property(infinity.providerhighlight)]]|[/COLOR]   $INFO[ListItem.Property(infinity.source)]   [COLOR $INFO[ListItem.Property(infinity.providerhighlight)]]|[/COLOR]   $INFO[ListItem.Property(infinity.extra_info)]</label>
							<visible>!String.Contains(ListItem.Property(infinity.source),DIRECT) + !String.Contains(ListItem.Property(infinity.source),LOCAL) + !String.Contains(ListItem.Property(infinity.source),UNCACHED) + !String.Contains(ListItem.Property(infinity.source),CLOUD)</visible>
						</control>
						<control type="label">
							<description>Line2 uncached torrents</description>
							<font>font12</font>
							<textcolor>white</textcolor>
							<align>left</align>
							<aligny>top</aligny>
							<label>$INFO[ListItem.Property(infinity.size_label)]   [COLOR $INFO[ListItem.Property(infinity.providerhighlight)]]|[/COLOR]   $INFO[ListItem.Property(infinity.debrid)]   [COLOR $INFO[ListItem.Property(infinity.providerhighlight)]]|[/COLOR]   $INFO[ListItem.Property(infinity.provider)]   [COLOR $INFO[ListItem.Property(infinity.providerhighlight)]]|[/COLOR]   $INFO[ListItem.Property(infinity.source)]   [COLOR $INFO[ListItem.Property(infinity.providerhighlight)]]|[/COLOR]   SEEDERS: $INFO[ListItem.Property(infinity.seeders)]</label>
							<visible>!String.IsEqual(ListItem.Property(infinity.source),LOAD UNCACHED TORRENTS) + String.Contains(ListItem.Property(infinity.source),UNCACHED)</visible>
						</control>
						<control type="label">
							<description>Line2 direct or local links, exluding plexshare</description>
							<font>font12</font>
							<textcolor>white</textcolor>
							<align>left</align>
							<aligny>top</aligny>
							<label>$INFO[ListItem.Property(infinity.size_label)]   [COLOR $INFO[ListItem.Property(infinity.providerhighlight)]]|[/COLOR]   $INFO[ListItem.Property(infinity.source)]   [COLOR $INFO[ListItem.Property(infinity.providerhighlight)]]|[/COLOR]   $INFO[ListItem.Property(infinity.provider)]</label>
							<visible>!String.Contains(ListItem.Property(infinity.provider),PLEXSHARE) + [String.Contains(ListItem.Property(infinity.source),DIRECT) | String.Contains(ListItem.Property(infinity.source),LOCAL)]</visible>
						</control>
						<control type="label">
							<description>Line2 plexshare links</description>
							<font>font12</font>
							<textcolor>white</textcolor>
							<align>left</align>
							<aligny>top</aligny>
							<label>$INFO[ListItem.Property(infinity.size_label)]   [COLOR $INFO[ListItem.Property(infinity.providerhighlight)]]|[/COLOR]   $INFO[ListItem.Property(infinity.source)]   [COLOR $INFO[ListItem.Property(infinity.providerhighlight)]]|[/COLOR]   $INFO[ListItem.Property(infinity.provider)]   [COLOR $INFO[ListItem.Property(infinity.providerhighlight)]]|[/COLOR]   $INFO[ListItem.Property(infinity.plexsource)]</label>
							<visible>String.Contains(ListItem.Property(infinity.provider),PLEXSHARE) + [String.Contains(ListItem.Property(infinity.source),DIRECT) | String.Contains(ListItem.Property(infinity.source),LOCAL)]</visible>
						</control>
						<control type="label">
							<description>Line2 hosters</description>
							<font>font12</font>
							<textcolor>white</textcolor>
							<align>left</align>
							<aligny>top</aligny>
							<label>$INFO[ListItem.Property(infinity.size_label)]   [COLOR $INFO[ListItem.Property(infinity.providerhighlight)]]|[/COLOR]   $INFO[ListItem.Property(infinity.debrid)]   [COLOR $INFO[ListItem.Property(infinity.providerhighlight)]]|[/COLOR]   $INFO[ListItem.Property(infinity.provider)]   [COLOR $INFO[ListItem.Property(infinity.providerhighlight)]]|[/COLOR]   $INFO[ListItem.Property(infinity.source)]   [COLOR $INFO[ListItem.Property(infinity.providerhighlight)]]|[/COLOR]   HOSTER</label>
							<visible>!String.Contains(ListItem.Property(infinity.source),UNCHECKED) + !String.Contains(ListItem.Property(infinity.source),DIRECT) + !String.Contains(ListItem.Property(infinity.source),LOCAL) + !String.Contains(ListItem.Property(infinity.source),TORRENT) + !String.IsEqual(ListItem.Property(infinity.source),CLOUD)</visible>
						</control>
					</control>
				</itemlayout>
				<focusedlayout height="100" width="1495">
					<control type="image">
						<left>0</left>
						<top>0</top>
						<width>1520</width>
						<height>100</height>
						<texture colordiffuse="$INFO[ListItem.Property(infinity.providerhighlight)]">common/white.png</texture>
						<animation effect="fadediffuse" start="E6FFFFFF" end="E6FFFFFF" condition="Control.HasFocus(2001)">Conditional</animation>
						<animation effect="fadediffuse" start="E6FFFFFF" end="80FFFFFF" condition="!Control.HasFocus(2001)">Conditional</animation>
					</control>
					<control type="image">
						<description>Quality Icon</description>
						<left>0</left>
						<top>0</top>
						<width>100</width>
						<height>100</height>
						<align>left</align>
						<aspectratio>keep</aspectratio>
						<texture>$INFO[ListItem.Property(infinity.quality_icon)]</texture>
						<visible>!String.IsEqual(Window().Property(infinity.usecoloricons),true)</visible>
					</control>
					<control type="image">
						<description>Quality Icon Color</description>
						<left>0</left>
						<top>0</top>
						<width>100</width>
						<height>100</height>
						<align>left</align>
						<aligny>center</aligny>
						<aspectratio>keep</aspectratio>
						<texture colordiffuse="black">$INFO[ListItem.Property(infinity.quality_icon)]</texture>
						<visible>String.IsEqual(Window().Property(infinity.usecoloricons),true)</visible>
					</control>
					<control type="group">
						<left>180</left>
						<top>50</top>
						<width>1340</width>
						<height>25</height>
						<control type="label">
							<description>Line1 link name</description>
							<left>-70</left>
							<top>-35</top>
							<width>1410</width>
							<font>font13</font>
							<textcolor>black</textcolor>
							<align>left</align>
							<aligny>bottom</aligny>
							<label>[B]$INFO[ListItem.Property(infinity.count)]  $INFO[ListItem.Property(infinity.name)][/B]</label>
							<scroll>true</scroll>
						</control>
						<control type="label">
							<description>Line2 link name LOAD UNCACHED TORRENTS</description>
							<font>font12</font>
							<textcolor>black</textcolor>
							<align>left</align>
							<aligny>top</aligny>
							<label>[B]$INFO[ListItem.Property(infinity.size_label)] UNCACHED TORRENTS[/B]</label>
							<visible>String.IsEqual(ListItem.Property(infinity.source),LOAD UNCACHED TORRENTS)</visible>
						</control>
						<control type="label">
							<description>Line2 cloud file</description>
							<font>font12</font>
							<textcolor>black</textcolor>
							<align>left</align>
							<aligny>top</aligny>
							<label>[B]$INFO[ListItem.Property(infinity.size_label)]   [COLOR black]|[/COLOR]   $INFO[ListItem.Property(infinity.debrid)]   [COLOR black]|[/COLOR]   $INFO[ListItem.Property(infinity.source)][/B]</label>
							<visible>String.IsEqual(ListItem.Property(infinity.source),CLOUD)</visible>
						</control>
						<control type="label">
							<description>Line2 cached torrents</description>
							<font>font12</font>
							<textcolor>black</textcolor>
							<align>left</align>
							<aligny>top</aligny>
							<label>[B]$INFO[ListItem.Property(infinity.size_label)]   [COLOR black]|[/COLOR]   $INFO[ListItem.Property(infinity.debrid)]   [COLOR black]|[/COLOR]   $INFO[ListItem.Property(infinity.provider)]   [COLOR black]|[/COLOR]   $INFO[ListItem.Property(infinity.source)]   [COLOR black]|[/COLOR]   $INFO[ListItem.Property(infinity.extra_info)][/B]</label>
							<visible>!String.Contains(ListItem.Property(infinity.source),DIRECT) + !String.Contains(ListItem.Property(infinity.source),LOCAL) + !String.Contains(ListItem.Property(infinity.source),UNCACHED) + !String.Contains(ListItem.Property(infinity.source),CLOUD)</visible>
						</control>
						<control type="label">
							<description>Line2 uncached torrents</description>
							<font>font12</font>
							<textcolor>black</textcolor>
							<align>left</align>
							<aligny>top</aligny>
							<label>[B]$INFO[ListItem.Property(infinity.size_label)]   [COLOR black]|[/COLOR]   $INFO[ListItem.Property(infinity.debrid)]   [COLOR black]|[/COLOR]   $INFO[ListItem.Property(infinity.provider)]   [COLOR black]|[/COLOR]   $INFO[ListItem.Property(infinity.source)]   [COLOR black]|[/COLOR]   SEEDERS: $INFO[ListItem.Property(infinity.seeders)][/B]</label>
							<visible>!String.IsEqual(ListItem.Property(infinity.source),LOAD UNCACHED TORRENTS) + String.Contains(ListItem.Property(infinity.source),UNCACHED)</visible>
						</control>
						<control type="label">
							<description>Line2 direct or local links, exluding plexshare</description>
							<font>font12</font>
							<textcolor>black</textcolor>
							<align>left</align>
							<aligny>top</aligny>
							<label>[B]$INFO[ListItem.Property(infinity.size_label)]   [COLOR black]|[/COLOR]   $INFO[ListItem.Property(infinity.source)]   [COLOR black]|[/COLOR]   $INFO[ListItem.Property(infinity.provider)][/B]</label>
							<visible>!String.Contains(ListItem.Property(infinity.provider),PLEXSHARE) + [String.Contains(ListItem.Property(infinity.source),DIRECT) | String.Contains(ListItem.Property(infinity.source),LOCAL)]</visible>
						</control>
						<control type="label">
							<description>Line2 plexshare links</description>
							<font>font12</font>
							<textcolor>black</textcolor>
							<align>left</align>
							<aligny>top</aligny>
							<label>[B]$INFO[ListItem.Property(infinity.size_label)]   [COLOR black]|[/COLOR]   $INFO[ListItem.Property(infinity.source)]   [COLOR black]|[/COLOR]   $INFO[ListItem.Property(infinity.provider)]    [COLOR black]|[/COLOR]   $INFO[ListItem.Property(infinity.plexsource)][/B]</label>
							<visible>String.Contains(ListItem.Property(infinity.provider),PLEXSHARE) + [String.Contains(ListItem.Property(infinity.source),DIRECT) | String.Contains(ListItem.Property(infinity.source),LOCAL)]</visible>
						</control>
						<control type="label">
							<description>Line2 hosters</description>
							<font>font12</font>
							<textcolor>black</textcolor>
							<align>left</align>
							<aligny>top</aligny>
							<label>[B]$INFO[ListItem.Property(infinity.size_label)]   [COLOR black]|[/COLOR]   $INFO[ListItem.Property(infinity.debrid)]   [COLOR black]|[/COLOR]   $INFO[ListItem.Property(infinity.provider)]   [COLOR black]|[/COLOR]   $INFO[ListItem.Property(infinity.source)]   [COLOR black]|[/COLOR]   HOSTER[/B]</label>
							<visible>!String.Contains(ListItem.Property(infinity.source),UNCHECKED) + !String.Contains(ListItem.Property(infinity.source),DIRECT) + !String.Contains(ListItem.Property(infinity.source),LOCAL) + !String.Contains(ListItem.Property(infinity.source),TORRENT) + !String.IsEqual(ListItem.Property(infinity.source),CLOUD)</visible>
						</control>
					</control>
				</focusedlayout>
			</control>
			<control type="button" id="2051">
				<description>Uncached Torrents</description>
				<onright>2001</onright>
				<top>975</top>
				<left>0</left>
				<width>165</width>
				<height>80</height>
				<font>font10</font>
				<textcolor>$INFO[Window().Property(infinity.highlight.color)]</textcolor>
				<focusedcolor>black</focusedcolor>
				<align>center</align>
				<label>[B]UNCACHED[/B]</label>
				<texturefocus colordiffuse="$INFO[Window().Property(infinity.highlight.color)]">common/button.png</texturefocus>
				<texturenofocus colordiffuse="40FFFFFF">common/button.png</texturenofocus>
				<visible>String.IsEqual(Window().Property(infinity.wide_list),true) + String.IsEqual(Window().Property(infinity.uncached_results),true)</visible>
				<animation effect="fadediffuse" start="BFFFFFFF" end="BFFFFFFF" condition="Control.HasFocus(2051)">Conditional</animation>
			</control>
			<control type="grouplist" id="2003">
				<description>Info icons</description>
				<left>180</left>
				<top>965</top>
				<width>1340</width>
				<height>100</height>
				<itemgap>25</itemgap>
				<orientation>horizontal</orientation>
				<control type="image">
					<description>Dolby Vision Icon</description>
					<left>0</left>
					<top>0</top>
					<width>100</width>
					<align>left</align>
					<aligny>center</aligny>
					<aspectratio>keep</aspectratio>
					<texture>source/dv.png</texture>
					<visible>String.Contains(Container(2001).ListItem.Property(infinity.extra_info),DOLBY-VISION)</visible>
				</control>
				<control type="image">
					<description>HDR Icon</description>
					<left>0</left>
					<top>0</top>
					<width>100</width>
					<align>left</align>
					<aligny>center</aligny>
					<aspectratio>keep</aspectratio>
					<texture>source/hdr.png</texture>
					<visible>String.Contains(Container(2001).ListItem.Property(infinity.extra_info),HDR) + !String.Contains(Container(2001).ListItem.Property(infinity.extra_info),HDRIP)</visible>
				</control>
				<control type="image">
					<description>3D Icon</description>
					<left>0</left>
					<top>0</top>
					<width>100</width>
					<align>left</align>
					<aligny>center</aligny>
					<aspectratio>keep</aspectratio>
					<texture>source/3d.png</texture>
					<visible>String.Contains(Container(2001).ListItem.Property(infinity.extra_info),3D)</visible>
				</control>
				<control type="image">
					<description>AV1 Icon</description>
					<left>0</left>
					<top>0</top>
					<width>100</width>
					<align>left</align>
					<aligny>center</aligny>
					<aspectratio>keep</aspectratio>
					<texture>source/av1.png</texture>
					<visible>String.Contains(Container(2001).ListItem.Property(infinity.extra_info),AV1)</visible>
				</control>
				<control type="image">
					<description>HEVC/H.265 Icon</description>
					<left>0</left>
					<top>0</top>
					<width>100</width>
					<align>left</align>
					<aligny>center</aligny>
					<aspectratio>keep</aspectratio>
					<texture>source/hevc.png</texture>
					<!-- <visible>String.Contains(Container(2000).ListItem.Property(infinity.extra_info),HEVC) | [String.Contains(Container(2000).ListItem.Property(infinity.extra_info),DOLBY-VISION) | String.Contains(Container(2000).ListItem.Property(infinity.extra_info),HDR)] + !String.Contains(Container(2000).ListItem.Property(infinity.extra_info),HDRIP) + !String.Contains(Container(2000).ListItem.Property(infinity.extra_info),AVC)</visible> -->
					<visible>String.Contains(Container(2001).ListItem.Property(infinity.extra_info),HEVC)</visible>
				</control>
				<control type="image">
					<description>AVC/H.264 Icon</description>
					<left>0</left>
					<top>0</top>
					<width>100</width>
					<align>left</align>
					<aligny>center</aligny>
					<aspectratio>keep</aspectratio>
					<texture>source/h264.png</texture>
					<visible>String.Contains(Container(2001).ListItem.Property(infinity.extra_info),AVC)</visible>
				</control>
				<control type="image">
					<description>MPEG Icon</description>
					<left>0</left>
					<top>0</top>
					<width>100</width>
					<align>left</align>
					<aligny>center</aligny>
					<aspectratio>keep</aspectratio>
					<texture>source/mpeg_video.png</texture>
					<visible>String.Contains(Container(2001).ListItem.Property(infinity.extra_info),MPEG)</visible>
				</control>
				<control type="image">
					<description>WMV Icon</description>
					<left>0</left>
					<top>0</top>
					<width>100</width>
					<align>left</align>
					<aligny>center</aligny>
					<aspectratio>keep</aspectratio>
					<texture>source/wmv2.png</texture>
					<visible>String.Contains(Container(2001).ListItem.Property(infinity.extra_info),WMV)</visible>
				</control>
				<control type="image">
					<description>AVI Icon</description>
					<left>0</left>
					<top>0</top>
					<width>100</width>
					<align>left</align>
					<aligny>center</aligny>
					<aspectratio>keep</aspectratio>
					<texture>source/avi.png</texture>
					<visible>String.Contains(Container(2001).ListItem.Property(infinity.extra_info),AVI)</visible>
				</control>
				<control type="image">
					<description>MKV Icon</description>
					<left>0</left>
					<top>0</top>
					<width>100</width>
					<align>left</align>
					<aligny>center</aligny>
					<aspectratio>keep</aspectratio>
					<texture>source/mkv2.png</texture>
					<visible>String.Contains(Container(2001).ListItem.Property(infinity.extra_info),MKV)</visible>
				</control>
				<control type="image">
					<description>DIVX Icon</description>
					<left>0</left>
					<top>0</top>
					<width>100</width>
					<align>left</align>
					<aligny>center</aligny>
					<aspectratio>keep</aspectratio>
					<texture>source/divx.png</texture>
					<visible>String.Contains(Container(2001).ListItem.Property(infinity.extra_info),DIVX)</visible>
				</control>
				<control type="image">
					<description>XVID Icon</description>
					<left>0</left>
					<top>0</top>
					<width>100</width>
					<align>left</align>
					<aligny>center</aligny>
					<aspectratio>keep</aspectratio>
					<texture>source/xvid.png</texture>
					<visible>String.Contains(Container(2001).ListItem.Property(infinity.extra_info),XVID)</visible>
				</control>
				<control type="image">
					<description>BLURAY Icon</description>
					<left>0</left>
					<top>0</top>
					<width>100</width>
					<align>left</align>
					<aligny>center</aligny>
					<aspectratio>keep</aspectratio>
					<texture>source/bluray.png</texture>
					<visible>String.Contains(Container(2001).ListItem.Property(infinity.extra_info),BLURAY)</visible>
				</control>
				<control type="image">
					<description>M2TS Icon</description>
					<left>0</left>
					<top>0</top>
					<width>100</width>
					<align>left</align>
					<aligny>center</aligny>
					<aspectratio>keep</aspectratio>
					<texture>source/m2ts.png</texture>
					<visible>String.Contains(Container(2001).ListItem.Property(infinity.extra_info),M2TS)</visible>
				</control>
				<control type="image">
					<description>HDTV Icon</description>
					<left>0</left>
					<top>0</top>
					<width>100</width>
					<align>left</align>
					<aligny>center</aligny>
					<aspectratio>keep</aspectratio>
					<texture>source/hdtv.png</texture>
					<visible>String.Contains(Container(2001).ListItem.Property(infinity.extra_info),HDTV)</visible>
				</control>
				<control type="image">
					<description>WEB-DL Icon</description>
					<left>0</left>
					<top>0</top>
					<width>100</width>
					<align>left</align>
					<aligny>center</aligny>
					<aspectratio>keep</aspectratio>
					<texture>source/web-dl.png</texture>
					<visible>String.Contains(Container(2001).ListItem.Property(infinity.extra_info),WEB)</visible>
				</control>
				<control type="image">
					<description>DVD Icon</description>
					<left>0</left>
					<top>0</top>
					<width>100</width>
					<align>left</align>
					<aligny>center</aligny>
					<aspectratio>keep</aspectratio>
					<texture>source/dvd.png</texture>
					<visible>String.Contains(Container(2001).ListItem.Property(infinity.extra_info),DVDRIP)</visible>
				</control>
				<control type="image">
					<description>OPUS Icon</description>
					<left>0</left>
					<top>0</top>
					<width>100</width>
					<align>left</align>
					<aligny>center</aligny>
					<aspectratio>keep</aspectratio>
					<texture>audio/opus.png</texture>
					<visible>String.Contains(Container(2001).ListItem.Property(infinity.extra_info),OPUS)</visible>
				</control>
				<control type="image">
					<description>DOLBY-ATMOS Icon</description>
					<left>0</left>
					<top>0</top>
					<width>100</width>
					<align>left</align>
					<aligny>center</aligny>
					<aspectratio>keep</aspectratio>
					<texture>audio/atmos.png</texture>
					<visible>String.Contains(Container(2001).ListItem.Property(infinity.extra_info),ATMOS)</visible>
				</control>
				<control type="image">
					<description>DOLBY-TRUEHD Icon</description>
					<left>0</left>
					<top>0</top>
					<width>100</width>
					<align>left</align>
					<aligny>center</aligny>
					<aspectratio>keep</aspectratio>
					<texture>audio/dolbytruehd.png</texture>
					<visible>String.Contains(Container(2001).ListItem.Property(infinity.extra_info),DOLBY-TRUEHD)</visible>
				</control>
				<control type="image">
					<description>DOLBY-DIGITAL Icon</description>
					<left>0</left>
					<top>0</top>
					<width>100</width>
					<align>left</align>
					<aligny>center</aligny>
					<aspectratio>keep</aspectratio>
					<texture>audio/dolbydigital.png</texture>
					<visible>String.Contains(Container(2001).ListItem.Property(infinity.extra_info),DOLBYDIGITAL)</visible>
				</control>
				<control type="image">
					<description>DOLBY-DIGITAL PLUS/EAC3 Icon</description>
					<left>0</left>
					<top>0</top>
					<width>100</width>
					<align>left</align>
					<aligny>center</aligny>
					<aspectratio>keep</aspectratio>
					<texture>audio/eac3.png</texture>
					<visible>String.Contains(Container(2001).ListItem.Property(infinity.extra_info),DD) + !String.Contains(Container(2001).ListItem.Property(infinity.extra_info),DD-EX)</visible>
				</control>
				<control type="image">
					<description>DOLBY-DIGITAL EX Icon</description>
					<left>0</left>
					<top>0</top>
					<width>100</width>
					<align>left</align>
					<aligny>center</aligny>
					<aspectratio>keep</aspectratio>
					<texture>audio/dolbydigital_ex.jpg</texture>
					<visible>String.Contains(Container(2001).ListItem.Property(infinity.extra_info),DD-EX)</visible>
				</control>
				<control type="image">
					<description>DTS-HD MA Icon</description>
					<left>0</left>
					<top>0</top>
					<width>100</width>
					<align>left</align>
					<aligny>center</aligny>
					<aspectratio>keep</aspectratio>
					<texture>audio/dtshd_ma.png</texture>
					<visible>String.Contains(Container(2001).ListItem.Property(infinity.extra_info),DTS-HD MA)</visible>
				</control>
				<control type="image">
					<description>DTS-X Icon</description>
					<left>0</left>
					<top>0</top>
					<width>100</width>
					<align>left</align>
					<aligny>center</aligny>
					<aspectratio>keep</aspectratio>
					<texture>audio/dts_x.png</texture>
					<visible>String.Contains(Container(2001).ListItem.Property(infinity.extra_info),DTS-X)</visible>
				</control>
				<control type="image">
					<description>DTS Icon</description>
					<left>0</left>
					<top>0</top>
					<width>100</width>
					<align>left</align>
					<aligny>center</aligny>
					<aspectratio>keep</aspectratio>
					<texture>audio/dts2.png</texture>
					<visible>String.Contains(Container(2001).ListItem.Property(infinity.extra_info),DTS) + !String.Contains(Container(2001).ListItem.Property(infinity.extra_info),DTS-X) + !String.Contains(Container(2001).ListItem.Property(infinity.extra_info),DTS-HD MA)</visible>
				</control>
				<control type="image">
					<description>AAC Icon</description>
					<left>0</left>
					<top>0</top>
					<width>100</width>
					<align>left</align>
					<aligny>center</aligny>
					<aspectratio>keep</aspectratio>
					<texture>audio/aac.png</texture>
					<visible>String.Contains(Container(2001).ListItem.Property(infinity.extra_info),AAC)</visible>
				</control>
				<control type="image">
					<description>MP3 Icon</description>
					<left>0</left>
					<top>0</top>
					<width>100</width>
					<align>left</align>
					<aligny>center</aligny>
					<aspectratio>keep</aspectratio>
					<texture>audio/mp3.png</texture>
					<visible>String.Contains(Container(2001).ListItem.Property(infinity.extra_info),MP3)</visible>
				</control>
				<control type="image">
					<description>FLAC Icon</description>
					<left>0</left>
					<top>0</top>
					<width>100</width>
					<align>left</align>
					<aligny>center</aligny>
					<aspectratio>keep</aspectratio>
					<texture>audio/flac.png</texture>
					<visible>String.Contains(Container(2001).ListItem.Property(infinity.extra_info),FLAC)</visible>
				</control>
				<control type="image">
					<description>MULTI-LANG Icon</description>
					<left>0</left>
					<top>0</top>
					<width>100</width>
					<align>left</align>
					<aligny>center</aligny>
					<aspectratio>keep</aspectratio>
					<texture>audio/multi_lingual.png</texture>
					<visible>String.Contains(Container(2001).ListItem.Property(infinity.extra_info),MULTI-LANG)</visible>
				</control>
				<control type="image">
					<description>2CH Icon</description>
					<left>0</left>
					<top>0</top>
					<width>100</width>
					<align>left</align>
					<aligny>center</aligny>
					<aspectratio>keep</aspectratio>
					<texture>channels/2.png</texture>
					<visible>String.Contains(Container(2001).ListItem.Property(infinity.extra_info),2CH)</visible>
				</control>
				<control type="image">
					<description>6CH Icon</description>
					<left>0</left>
					<top>0</top>
					<width>100</width>
					<align>left</align>
					<aligny>center</aligny>
					<aspectratio>keep</aspectratio>
					<texture>channels/6.png</texture>
					<visible>String.Contains(Container(2001).ListItem.Property(infinity.extra_info),6CH)</visible>
				</control>
				<control type="image">
					<description>7CH Icon</description>
					<left>0</left>
					<top>0</top>
					<width>100</width>
					<align>left</align>
					<aligny>center</aligny>
					<aspectratio>keep</aspectratio>
					<texture>channels/7.png</texture>
					<visible>String.Contains(Container(2001).ListItem.Property(infinity.extra_info),7CH)</visible>
				</control>
				<control type="image">
					<description>8CH Icon</description>
					<left>0</left>
					<top>0</top>
					<width>100</width>
					<align>left</align>
					<aligny>center</aligny>
					<aspectratio>keep</aspectratio>
					<texture>channels/8.png</texture>
					<visible>String.Contains(Container(2001).ListItem.Property(infinity.extra_info),8CH)</visible>
				</control>
			</control>
		</control>
		<control type="button" id="2052">
			<description>OK Button</description>
			<top>965</top>
			<left>25</left>
			<width>150</width>
			<height>100</height>
			<font>font10</font>
			<textcolor>white</textcolor>
			<focusedcolor>white</focusedcolor>
			<align>center</align>
			<label>BACK</label>
			<texturefocus colordiffuse="$INFO[Window().Property(infinity.highlight.color)]">common/button5.png</texturefocus>
			<texturenofocus colordiffuse="$INFO[Window().Property(infinity.highlight.color)]">common/button5.png</texturenofocus>
			<visible>String.IsEqual(Window().Property(infinity.sourcebackbutton),true)</visible>
			<animation effect="fadediffuse" start="BFFFFFFF" end="BFFFFFFF" condition="!Control.HasFocus(2052)">Conditional</animation>
		</control>
	</controls>
</window>
