<?xml version="1.0" encoding="UTF-8"?>
<window>
	<defaultcontrol>2051</defaultcontrol>
	<controls>
		<control type="image">
			<description>background</description>
			<left>0</left>
			<top>0</top>
			<width>1920</width>
			<height>1080</height>
			<texture>common/black.png</texture>
		</control>

		<control type="group">
			<description>Trailer group</description>
			<visible>Player.HasVideo</visible>
			<left>25</left>
			<top>150</top>
			<control type="videowindow">
				<description>Play Trailer in window</description>
				<width>1350</width>
				<height>800</height>
			</control>
			<control type="progress" id="2046">
				<top>800</top>
				<left>0</left>
				<width>1350</width>
				<height>7</height>
				<reveal>true</reveal>
				<texturebg colordiffuse="FF302F2F">common/white.png</texturebg>
				<midtexture colordiffuse="FFFF4081">common/white.png</midtexture>
			</control>
			<control type="button" id="2045">
				<description>Stop Trailer playback Button</description>
				<onright>2045</onright>
				<onleft>2045</onleft>
				<onup>2045</onup>
				<ondown>2045</ondown>
				<width>120</width>
				<height>70</height>
				<textoffsetx>0</textoffsetx>
				<texturefocus colordiffuse="$INFO[Window().Property(infinity.highlight.color)]">common/button5.png</texturefocus>
				<texturenofocus>common/button5.png</texturenofocus>
				<label>$ADDON[plugin.video.infinity 32170]</label>
				<font>font12</font>
				<align>center</align>
				<textcolor>white</textcolor>
				<focusedcolor>white</focusedcolor>
			</control>
		</control>

		<control type="group" id="1">
			<description>List Header</description>
			<left>25</left>
			<top>0</top>
			<height>80</height>
			<width min="0" max="1920">auto</width>
			<control type="textbox">
				<description>Remove column Label</description>
				<left>0</left>
				<top>110</top>
				<width>130</width>
				<height>40</height>
				<font>font14</font>
				<textcolor>white</textcolor>
				<align>left</align>
				<aligny>bottom</aligny>
				<autoscroll>false</autoscroll>
				<label>[COLOR $INFO[Window().Property(infinity.highlight.color)]]Remove[/COLOR]</label>
			</control>
			<control type="textbox">
				<description>Total LikedList Items Label</description>
				<left>160</left>
				<top>110</top>
				<width>340</width>
				<height>40</height>
				<font>font14</font>
				<textcolor>white</textcolor>
				<align>left</align>
				<aligny>bottom</aligny>
				<autoscroll>false</autoscroll>
				<label>[COLOR $INFO[Window().Property(infinity.highlight.color)]]$INFO[Window().Property(infinity.total_results)] Total Title Substitute Items[/COLOR]</label>
			</control>

			<control type="list" id="2050">
				<description>Substitute List</description>
				<visible>!Player.HasVideo</visible>
				<viewtype>list</viewtype>
				<left>0</left>
				<top>150</top>
				<width>1350</width>
				<height>900</height>
				<onright>2051</onright>
				<onleft>2053</onleft>
				<onup>2050</onup>
				<ondown>2050</ondown>
				<scrolltime tween="sine">400</scrolltime>
				<orientation>Vertical</orientation>
				<itemlayout height="100" width="1325">
					<control type="image">
						<left>10</left>
						<top>0</top>
						<width>75</width>
						<align>left</align>
						<aligny>center</aligny>
						<aspectratio>keep</aspectratio>
						<texture>common/box2.png</texture>
					</control>
					<control type="image">
						<left>25</left>
						<top>0</top>
						<width>50</width>
						<align>left</align>
						<aligny>center</aligny>
						<aspectratio>keep</aspectratio>
						<texture>common/selected2.png</texture>
						<visible>!String.isEmpty(ListItem.Property(infinity.isSelected))</visible>
					</control>
					<control type="label">
						<description>Line1 list_name-list_owner</description>
						<left>110</left>
						<top>15</top>
						<width>1240</width>
						<height>25</height>
						<font>font13</font>
						<textcolor>white</textcolor>
						<align>left</align>
						<aligny>bottom</aligny>
						<label>[COLOR $INFO[Window().Property(infinity.highlight.color)]][B]$INFO[ListItem.Property(infinity.originalTitle)][/B][/COLOR]</label>
					</control>
					<control type="label">
						<description>Line1 list_name-list_owner</description>
						<left>110</left>
						<top>50</top>
						<width>1240</width>
						<height>25</height>
						<font>font13</font>
						<textcolor>white</textcolor>
						<align>left</align>
						<aligny>bottom</aligny>
						<label>[COLOR $INFO[Window().Property(infinity.highlight.color)]][B]$INFO[ListItem.Property(infinity.subTitle)][/B][/COLOR]</label>
					</control>
				</itemlayout>
				<focusedlayout height="100" width="1325">
					<control type="image">
						<left>0</left>
						<top>0</top>
						<width>1350</width>
						<height>100</height>
						<texture colordiffuse="$INFO[Window().Property(infinity.highlight.color)]">common/white.png</texture>
					</control>
					<control type="image">
						<left>0</left>
						<top>0</top>
						<width>1350</width>
						<height>100</height>
						<texture colordiffuse="gainsboro">common/white.png</texture>
						<visible>!Control.HasFocus(2050)</visible>
					</control>
					<control type="image">
						<left>10</left>
						<top>0</top>
						<width>75</width>
						<align>left</align>
						<aligny>center</aligny>
						<aspectratio>keep</aspectratio>
						<texture>common/box2.png</texture>
					</control>
					<control type="image">
						<left>25</left>
						<top>0</top>
						<width>50</width>
						<align>left</align>
						<aligny>center</aligny>
						<aspectratio>keep</aspectratio>
						<texture>common/selected2.png</texture>
						<visible>!String.isEmpty(ListItem.Property(infinity.isSelected))</visible>
					</control>
					<control type="label">
						<description>Line1 list_name-list_owner</description>
						<left>110</left>
						<top>15</top>
						<width>1240</width>
						<height>25</height>
						<font>font13</font>
						<textcolor>black</textcolor>
						<align>left</align>
						<aligny>bottom</aligny>
						<label>[B]$ADDON[plugin.video.infinity 40241] $INFO[ListItem.Property(infinity.originalTitle)][/B]</label>
					</control>
					<control type="label">
						<description>Line2 trakt_id-item_count-likes</description>
						<left>110</left>
						<top>50</top>
						<width>1240</width>
						<height>25</height>
						<font>font13</font>
						<textcolor>black</textcolor>
						<align>left</align>
						<aligny>top</aligny>
						<label>[B]$ADDON[plugin.video.infinity 40242] $INFO[ListItem.Property(infinity.subTitle)][/B]</label>
					</control>
				</focusedlayout>
			</control>
			<control type="group">
				<left>1390</left>
				<top>50</top>
					<control type="button" id="2051">
						<description>OK Button</description>
						<onright>2052</onright>
						<onleft>2050</onleft>
						<width>120</width>
						<height>70</height>
						<textoffsetx>0</textoffsetx>
						<texturefocus colordiffuse="$INFO[Window().Property(infinity.highlight.color)]">common/button5.png</texturefocus>
						<texturenofocus>common/button5.png</texturenofocus>
						<label>$ADDON[plugin.video.infinity 32179]</label>
						<font>font12</font>
						<align>center</align>
						<textcolor>white</textcolor>
						<focusedcolor>white</focusedcolor>
						<visible>true</visible>
					</control>
					<control type="button" id="2052">
						<description>Cancel Button</description>
						<left>140</left>
						<onright>2053</onright>
						<onleft>2051</onleft>
						<width>120</width>
						<height>70</height>
						<textoffsetx>0</textoffsetx>
						<texturefocus colordiffuse="$INFO[Window().Property(infinity.highlight.color)]">common/button5.png</texturefocus>
						<texturenofocus>common/button5.png</texturenofocus>
						<label>$ADDON[plugin.video.infinity 32180]</label>
						<font>font12</font>
						<align>center</align>
						<textcolor>white</textcolor>
						<focusedcolor>white</focusedcolor>
						<visible>true</visible>
					</control>
					<control type="button" id="2053">
						<description>Add New</description>
						<left>280</left>
						<onright>2050</onright>
						<onleft>2052</onleft>
						<width>120</width>
						<height>70</height>
						<textoffsetx>0</textoffsetx>
						<texturefocus colordiffuse="$INFO[Window().Property(infinity.highlight.color)]">common/button5.png</texturefocus>
						<texturenofocus>common/button5.png</texturenofocus>
						<label>$ADDON[plugin.video.infinity 40243]</label>
						<font>font12</font>
						<align>center</align>
						<textcolor>white</textcolor>
						<focusedcolor>white</focusedcolor>
						<visible>true</visible>
					</control>
			</control>

			<control type="group">
					<control type="image">
						<description>clearlogo</description>
						<aspectratio align="center" aligny="center">keep</aspectratio>
						<left>400</left>
						<top>0</top>
						<width>600</width>
						<height>175%</height>
						<texture background="true">$INFO[Container(2050).ListItem.Property(infinity.clearlogo)]</texture>
						<!-- <visible>!String.IsEmpty(Container(2050).ListItem.Property(infinity.clearlogo))</visible> -->
					</control>
					<!-- <control type="textbox"> -->
						<!-- <description>Title when no clearlogo</description> -->
						<!-- <left>200</left> -->
						<!-- <top>0</top> -->
						<!-- <width>900</width> -->
						<!-- <height>400</height> -->
						<!-- <font>font100caps_title</font> -->
						<!-- <textcolor>$INFO[Window().Property(infinity.highlight.color)]</textcolor> -->
						<!-- <align>center</align> -->
						<!-- <aligny>bottom</aligny> -->
						<!-- <label>$INFO[Window().Property(infinity.title)]</label> -->
						<!-- <visible>String.IsEmpty(Window().Property(infinity.clearlogo))</visible> -->
					<!-- </control> -->
			</control>

			<control type="grouplist" id="2054">
				<description>Trakt Icon</description>
				<left>1350</left>
				<top>300</top>
				<itemgap>0</itemgap>
				<orientation>vertical</orientation>
					<control type="image">
						<width>486</width>
						<align>left</align>
						<aligny>center</aligny>
						<aspectratio aligny="top">keep</aspectratio>
						<texture background="true">$INFO[Window().Property(infinity.infinity_icon)]</texture>
					</control>
			</control>
		</control>
	</controls>
</window>
